{"cameraMode":{"drawMode":0,"name":"Shaded","section":"Shading Mode"},"sceneLighting":false,"audioPlay":false,"sceneViewState":{"showFog":true,"showMaterialUpdate":false,"showSkybox":true,"showFlares":true,"showImageEffects":true,"showParticleSystems":true},"in2DMode":false,"pivot":{"x":132.5149383544922,"y":72.37319946289063,"z":4.776023864746094},"rotation":{"x":0.013808529824018479,"y":-0.010503388941287995,"z":0.00014508260937873274,"w":0.9998494982719421},"size":41.36673355102539,"orthographic":false}