{"cameraMode":{"drawMode":0,"name":"Shaded","section":"Shading Mode"},"sceneLighting":false,"audioPlay":false,"sceneViewState":{"showFog":true,"showMaterialUpdate":false,"showSkybox":true,"showFlares":true,"showImageEffects":true,"showParticleSystems":true},"in2DMode":false,"pivot":{"x":-2.14975643157959,"y":1.73140549659729,"z":-0.00553131103515625},"rotation":{"x":0.013808529824018479,"y":-0.010503388941287995,"z":0.00014508260937873274,"w":0.9998494982719421},"size":22.271635055541993,"orthographic":false}