{"cameraMode":{"drawMode":0,"name":"Shaded","section":"Shading Mode"},"sceneLighting":false,"audioPlay":false,"sceneViewState":{"showFog":true,"showMaterialUpdate":false,"showSkybox":true,"showFlares":true,"showImageEffects":true,"showParticleSystems":true},"in2DMode":false,"pivot":{"x":295.5500183105469,"y":-1079.1751708984375,"z":0.0},"rotation":{"x":0.013808529824018479,"y":-0.010503388941287995,"z":0.00014508260937873274,"w":0.9998494982719421},"size":7301.509765625,"orthographic":false}